od_id,origin_name,dest_name,expected_quadrant,status_2018,time_s_2018,distance_km_2018,status_2025,time_s_2025,distance_km_2025,delta_time_s,delta_distance_km,pct_time,pct_distance,error_2018,error_2025,shape_2018,shape_2025
OD-001,Bến Nhà Rồng (D4),Khu đô thị Sala (Thủ Thiêm),Q1_DATA,ok,365.8,4.516,ok,428.8,5.398,63.0,0.882,17.22,19.53,,,q`lpSmewojEg@h[nFBfFHl@cZnBy~@XuBj@mB`AwAzA_AvIfEpIpBdI`CrDvAbDzAxCvBnBxAbAzA|@~Aj@~AdMl]CeImDw`@wCgJy@yBgAgA_B}@uHsBkIkBcUiEeIq@_EZ}FlBeMi@iO[sFKwOq@aTgAkaB}GsBIqd@iBsLImXs@iMs@yZeAoHT{Ea@wKMuHy@m]uE{XwDkI}A}CUiFi@oBWyl@eKgh@iJoa@oJgc@yGkGqAcZaFgBa@qDo@iEzA{VlXoSzT_DhD}JtKmd@bh@mD_CuD_IeVcSm}AcqAsNyK}IiHqGyDoHwDqHsC_OmFcKcDkC_A{EIeI}BqWaIwTeHus@oS{_@wKeHyB_GgC{DcB{DkCyFoEoFcFgFmFqDgFiC{EwD{G}CkGaCmHm@}BsAaHq@_Fk@eFQoFImIRiJHsGxAqDfPefB~Iep@pCqGh@cJFw@`@uKCoKWuHm@{JsAoIoAsFiAwCsEsNwBeIoFyKoO__@cEmJqDgGsDkF}BqB}D}E{EwDeDeCyHuDiR}HkDmA]MwJwAuHs@cA?mB_MwFu_@CkD?iEl@qDhAoDfJ}QlR{^pDyDbOkNzv@gt@lAo@h@On@Ir@?n@Ll@Tt@`@_CoIa]eh@,m_lpSkewojEQdLYfM`EBbGBVeMfBqiARsMbERlExDrGrA`G~@xE`A|E|AbEjBzDnC|ClDvBrEvHvXrCvBJgEyEgc@wCgJy@yBgAgA_B}@uHsBkIkBoW}EmC]_D?kDf@cDfAy@XqYqAygBoGaRy@kZcAuqAgEsEQkFMyAGiPg@{@GiBAyKq@aFW_K{@kBOgL_ByGgAyQyCkHmAaZyEer@mLcE`@_COoGy@oT_Ey^yGiRuDwRoDcASuE{@c`@eHqC[iC?_DLyBZaD~@cEhBcDpD{MbOm@p@q@r@_h@nk@}LzQqBz@cBTaBG_Bs@gVkSarAyfA_CoBsFoEaJqHkN_LqGyDoHwDqHsC_OmFaCw@qEoAwKeBeI}BqWaIwTeHus@oS{_@wKeHyB_GgC{DcB{DkCyFoEoFcFgFmFqDgFiC{EwD{GwBkEe@_AaCmHo@cCqA{Gq@_Fk@eFQoFImIRiJHsGxAqDzPyfBpCmT`DeVk@cMjA{XAiOw@iOw@mGcB_HgBoGiCmHsNk^oEmLyIgTwE}HeDeEcEiEgGmF{FcEkGcDqF}BoH}B_IeByIoAqHo@aRWwIKwoBU{m@MmOIqNU{L_AuFw@eF_A}GqBeFkBuHuEeGsE}F}EsFiFyFiG_@g@`CcBjc@a[tAkCQyEzBSpg@a^nR}NlKeHbc@qYROfFyBrCkB`E_C~f@aFbVaD~GZpG^dXdGhFx@xB\`Bz@h@u@~ReZ~Ug^xNgU`F~CzFlDfGlEzGhFxA{BzAwB
OD-002,Q1 Tôn Đức Thắng,Thủ Thiêm R1 Boulevard,Q1_DATA,ok,210.9,2.487,ok,225.5,2.964,14.6,0.477,6.92,19.18,,,q|bqSiutojEdRkUv^ob@}{@ov@`a@}c@cDkCmD_CuD_IeVcSm}AcqAsNyK}IiHqGyDoHwDqHsC_OmFcKcDkC_A{EIeI}BqWaIwTeHus@oS{_@wKeHyB_GgC{DcB{DkCyFoEoFcFgFmFqDgFiC{EwD{G}CkGaCmHm@}BsAaHq@_Fk@eFQoFImIRiJHsGxAqDfPefB~Iep@pCqGh@cJFw@`@uKCoKWuHm@{JsAoIoAsFiAwCsEsNwBeIoFyKoO__@cEmJqDgGsDkF}BqBldAsk@b|@ci@aM_^wCaGwCyE,qscqSy{tojEnPlOx[{^y|@qw@|\e`@`_@cb@fCcBzCsB`MaNlBwB|BeDhs@ow@tAaBBeAGeAa@qAw@qAmAiAuAu@yA]gAIkAD{MbOm@p@q@r@_h@nk@}LzQqBz@cBTaBG_Bs@gVkSarAyfA_CoBsFoEaJqHkN_LqGyDoHwDqHsC_OmFaCw@qEoAwKeBeI}BqWaIwTeHus@oS{_@wKeHyB_GgC{DcB{DkCyFoEoFcFgFmFqDgFiC{EwD{GwBkEe@_AaCmHo@cCqA{Gq@_Fk@eFQoFImIRiJHsGxAqDzPyfBpCmT`DeVfBgE`AgEh@cJFw@`@uKCoKWuHm@{JsAoIoAsFfAqELoEh@aFnAiExAqBbEeDdD{BfQ}IpC{AhPsHh\gOt@[rCkAZM~FoCtC_BvAmB`@aD@iDk@eCcCgCuAi@gCMbAgDmFoRmGeT_N{_@aM_^wCaGwCyE
OD-003,Chợ Bến Thành,Ga Rạch Chiếc (Thủ Đức),Q1_DATA,ok,787.4,11.991,ok,811.6,13.96,24.2,1.969,3.07,16.42,,,eumpSe{iojEjBbB`EfCtDrAzDPrAExAGbBYdBe@dBaApAsAjAmDZ_CHyBAsAw@aFm@gBw@gBu@{@k@cAw@i@qBsAcFwA{Di@_EDoAL}U_OoDkDsKgK_p@un@}DmD__Agx@yCvAyC`A_Cv@ab@xNSHkCfA{LtEiRtFmgAp^afAmdAqPcOa^m[w[mYsjA}cAg{AcsA}{@ov@`a@}c@cDkCmD_CuD_IeVcSm}AcqAsNyK}IiHqGyDoHwDqHsC_OmFcKcDkC_A{EIeI}BqWaIwTeHus@oS{_@wKeHyB_GgC{DcB{DkCyFoEoFcFgFmFqDgFiC{EwD{G}CkGaCmHm@}BsAaHq@_Fk@eFQoFImIRiJHsGxAqDfPefB~Iep@cAeIjA{XAiOw@iOw@mGcB_H}E}PkOy^mEcL}JgU}DkGaEqE{DcEyFsEsFwDiDsBkEuB_IkCwJgCeJ{AcHaAeK_@_cCq@_n@MmOIqNU{L_AuFw@eF_A}GqBqFiBsG{C{GgEyIuGm@e@kE{EsKkOlEoDie@}n@eN}P_E_@kUmXuDeD_EiFoBuD}@}AF_EuAwD^wNEmM}@sJm@{SoA{ToKgfAcNcnAeXozBaCwVwAcOaWcjC_KocAwKuaAFyIqEmZ{Icf@sD{UkDkGwDg^uXikCqSefB}JyaAe\y~CaK_cAeEyb@_Es^iCeSuAcTScS?iUx@gVHmIlAqIQ_Ii@kHeAyLcFyGuDqH}GkQeGqR[eH{DqSgEsZeC_EqDaUyIqh@oJ}_@eNic@e\ez@Q_FaFoDwNqW}LaSy\{f@oR{TaXuXoRuQg^uXaUoOsg@_ZmRgNg`@mQaH{Bqk@iRc`@kJaIX}\_H}[mE{e@_FkcA_K{sAeOa`AuLm`BcQq[sIgRyCkJgAuUuCuy@aJgk@g`@cqAmx@ug@e_@sYsSiKqHkAq@kMiHk@WiN_HmFe@iGm@k_@eBuCMyE[{\uBoEYuKq@mCQeU}@sp@yDuQsEgUeM{LwK{\kc@c^o_@aZk^m]cb@oAiBcZqb@gj@kn@sk@st@}P_NgLwJqV}KeXuIeVsBu^cEdPmFvLmFzR}P`@GyAuEgHqO,cvmpSwviojEvGpMDfCRbBVdBbXxy@lDjFfBrFlDhLjDbL|FjR~N`f@d@xAvPjj@vArEdBvFlA~DbLsFv`@cRjCmAxEuBxAaAxFyC~b@_UnQoIlCUvBkBv@{@|@{@~Cu@bB{@tBcA~]oQjLeGbCyAdDyA~[sOtFmCbFaCjKyG|TqKxDsBjDgB~BoA~BmAzC_BxBqA~EIxIeCxDmBjVyLrQyIjLmGxBmA|@cApC{BnF_F}HiKoAaB}AsB{MiUmNuW}Vq_@sOa\oAoE}FmIeD_GyH{K{FwHcIkIqIgHeHiFaIuEkIeE_Q{HmQcIsIaEgIiFoDsD}GmF_GaGqIcLkGqHkGuIwGiIoF{J_GoLoEuKeEiLeEuNmD{NeCcN}A{Le{@csIqKifA}PkdBeEcb@oDc^mHmt@s@sL_@aMq@mNmEs`@FaK{E}_@u@kF{AqI}Isf@iKaj@oKoj@wSc~@m[agAyJwZeOyd@wFgOuDaKyBcGgAuCoDcK}b@gcAiXap@wt@_hBwOq_@uEqL}A_EiB{EmDmJuEmL_i@wjAm`By~DukAmuCeeBu`EgVom@k]y{@iCkG_FiLiFkMsD_JglCorGuFaNsLmYwcAidCeFaMaV{k@aP}Z_Us`@gImWiNsRaDoEkBeCwB}BcCoBwCkBaDyAyQ_IqJcEaH}CkFgC_Bo@oFgCmEsBaXoJyVoGmVy@kXwC{h@qFaG}@_GiA{FsAwF_BeDgAeDmA{@S}@KwAAuALyJzA{SjDsFiEuCmByCeBgDiBqDyAaD_Aw@QkBc@iDg@gQaBuh@eFeKcAi]gDcI_AuH}@cLqAid@j@w}@yIs{@kImkAuLuJcAsFk@cwAoO{d@mFkb@qEqa@yEm`@aFgH}@aBYajAqRiqAqTm\kHuKcC_JwEoIuBgJiEs@e@mP{K{Ke@udAed@wcAyZkXeGul@eJghA{LmrFel@upBsW}DyAyJaAwe@iGyB}AeH_AsEa@yB^{f@aFaMoA}x@mIuf@iGea@eH{`@}HeEy@uD}@yEeAiB_@iHMiL{CqBm@gCu@}SgHy[sK}GuCkOkKsvA_q@cRyIgLoFuGaD_GoCsE{BiGuCoHiDmwCyqAqrEkwB{iCqnAiBeGyEoBlDgH`AqBfBaDtAcCpBkCbCiCt@w@~NiMdB}BdA_A~E_EbFiDxHiDbLyCzBYpDWvc@rBdZn@`LEvM}@hLcDzC{@jLeGnS_OrBo@iCyFiBcEmFgK
OD-004,Thủ Thiêm R1 (west),Thủ Thiêm R1 (east),Q1_DATA,ok,368.4,3.89,ok,360.3,4.181,-8.1,0.291,-2.2,7.48,,,amlqS_sjpjEbBv^lQhK{NlX_DrGgIhK}G~KaFzCqGf@wAYeJuAkJkBwH}As[}LmXyNa`Bgx@|KuNjFc@x`@kb@xOaPpByBjDuDfGwFhI{G~NqLpZyNlSgIfgAie@ra@gQpsCsoAp_Bus@zkAeh@vm@qXdDmFiAmCgEgKmt@yfB{[_v@a\mv@cL_V_K{W}AsDsZas@a_BetDaScEgg@{EaTmBeUeC}y@cHe@zJp_@vC~[tCzHr@qQv]sYpa@_NjRgMxMeBhBkYbUa^d\mPu_@cC{B??,sllqS{pjpjElCtZhQjLkOdVwFvJiCbEiCdE}G~KaFzCqGf@wAYeJuAkJkBwH}As[}LmXyNyMwG{NiHpQq\x@sFK_DmGwIwDuI{AeI]sBYmBmLoIxOaPpByBpAwA|GwGbA}@hHuGtJgJnAIhAc@x@{@b@kAbXsK|uAql@vD_Bra@gQpsCsoAfaBat@dc@qRrFaCxDeBbEmBjD}AfD{Avh@aVbHaDtFiC|HoDz^_PfGmChg@yTbPqGzNaGvCaAtCcAVGzH}By@aGcBoLuCyUiJcv@oEo[gLuy@_HcWyGsViTwh@mBwBgBw@uCKuCj@ywAbm@uq@jYye@dScKkU}AsDuOm^}IsSeLyW}cAq`CeB}DvAw@jAcA`AqAp@{A^aBPgBAgBQgBe@eBu@_BgAqAsAeA_Bs@eB_@kBOkBDiBXcBj@wAz@mAlAmBVyAJyA@iBI}BSyKcAw`AgIiv@yGe@tHmC~EsGpLoNzUk_@r_@wVrP??
OD-005,Phú Mỹ Hưng (Q7),Nhà Bè center,Q1_DATA,ok,423.7,5.714,ok,400.7,6.829,-23.0,1.115,-5.43,19.51,,,ce|mSawtpjElEeCoE}HiKqShM}G{@cB~W{Mf`Aof@`VwMjEaCr_@gSd}@wf@z~@sf@vi@eYxpAwo@tiAym@vjA}m@`GwCnaAeh@lbAsh@bcA_i@xbAqh@fw@cb@`l@oZ|G_DljAkl@~R_QlEoCdFyFtNkEblGkYhBMnzA{Inh@}CxzBwMz@hPlAzStB|^bAdQtCdd@hApT`A~YbDdc@bE`h@\rJjBfRnFn[bE~RvI|`@xm@hoBjDtR_@hO{A~Xi@bKs@xMq@vDjAlRzB~MhG`PxMbZh`@fx@pUzf@dXnh@zRnRdHjDhN|B~XzEp\~Exe@hFtq@hIfx@~J|RzC`^`FfOpE|@`GkD~Eo]|HqQvErGxUfm@qPtbAsN,id|mSgvtpjEk^fRgCmDiNwNqC}CwCeD_FeE{Av@gFhCaJ|EuH~DiCrA~E`FhCtCjp@ft@tBrChBdCpJ`NzBdDxBvD~CnFxBbE`AhB|@nBfDjHzDdJtDvI`DfI`C~GhB~F~Iv\n@|Cn@xCn@fDdAfGxApJ|AfMdBnP|@zLXdFNvEJjGLrH`D`wCF~EBxCBhCpApnBl@fdBDfFD|E?xGhAp~ABnDB`D_G]@`DlCnuCZbs@DvIpAdsAhAxnADpEBlCDnDfi@i@fFqC|^iDx`@|LtaA}FdzCeSfl@sD|RmA|a@{Cj`@wD~FoAtFkAfBVfBCv@Qj@OjAm@pDg@t@Kra@_Hvh@eM|IcC~GuBjo@qWtk@c[xSeMt^qTpv@ch@~B{A`WgPvMuIdZeShDyBd]wU|~@ik@|TmN`}@am@xo@cd@zJaHdXuQ|EkCfKqHlWeSp`Acm@pRcMbS{MpCmBnnDeaCxY{Rxi@y^tNkJjgAqs@fSuMvlAmw@bl@u`@l~@qn@|GeDxf@}Ztf@uThSkIlReHv\oLbKmDzn@gMdy@sNdGgA
OD-006,Bình Thạnh - Nguyễn Hữu Cảnh,Q1 - Nguyễn Bỉnh Khiêm,Q1_DATA,ok,178.0,1.998,ok,163.3,1.684,-14.7,-0.314,-8.26,-15.72,,,aauqSodapjEzJrBdJxBeFz\qBnKqD~CgElR_B|CaHpQiNp[qFnKYh@uHhQ_AnFoBjCdPxMpaAt~@|SbSzIrIvJlJtNhN`ZvXrVfU`~@hz@fZfXhPlNh^`\pPjOh[hYbDtC\\f`@p_@vMlMxVpUvT~RtNdMrQzOrBwBaa@g^oTcScWsV_UgT_Z{XzFc@hP}QpAyAlAuA,gfuqSm_apjEkArD_AxD`D`@x@k@xDr@lOdCgFxZeBxAkAdAuGvVuJ`VuDnI}DbJWj@[t@oO~^}BpGcBbBrPbObaAt}@xXxV`FxE|CxC`IvHjIrHj]t[pAnAjRfQr\`[vRnQfMlLtAaBza@sd@bo@_s@lCdCfD|ChUfTd`@j^t[dZzUtTvApAnCjCoAvCqEhFY~CoAtAgQhR{A`BaChCmOtPhAfA`DzC
OD-007,Q7 Nguyễn Văn Linh (west),Q7 Nguyễn Hữu Thọ,Q1_DATA,ok,246.7,3.874,ok,202.0,3.367,-44.7,-0.507,-18.12,-13.09,,,ezcnS{hmojEgS[_n@eEMhBtm@xEnShAxXDpQUbBBbN]v_@}Bxf@oDrNcAvqAoJdKo@`bAgGfEWhE[d[oB?qD_CqiDq@wnBkA_kBmAwmB_IevK}Dan@qTmlAkb@oiAmO{YuXmb@at@oy@eDqEyKnFqJjF}FjCkEzBvG~E|b@rf@tR~WfSpYrJfSnTdg@lSbn@`FbZrD~ZtBtY`@vPkIbIwBtE,mzcnS_hmojE_Sw@_n@eEMhBtm@xE|R~@jYNlFEfCC~ECrDCnCG^AR?rAEb@Cnc@sCte@cDzOcApJq@`hAwHzdAcHfEYfEEfi@i@AoD?oCq@ihBYgu@GiIeAmlBmAgdBC{BAoBCoCwA{}AAwECaGsFACgFeDyqECuDGaEAqCgBslDo@wOa@mGg@uGkAcKmCeR{A{Jy@sE{BuLgA{Eq@gCaAiDeQki@sIkVeHqP{AmDu@gBwW~M{EdCoDjB|@nBpKvUhCzGlBrFpBrFhBrFtBzGbBlGrAnFv@rDXnAbBdIhAxGbA~F|AxKbArIn@`G`@rFr@rKh@rJ_B`DuJzR
OD-008,Gò Vấp - Nguyễn Kiệm,Phú Nhuận - Hoàng Minh Giám,Q1_DATA,ok,388.1,3.281,ok,214.5,1.125,-173.6,-2.156,-44.73,-65.71,,,sbqrSyc{mjEi]~g@ka@zl@`p@zd@rnBhuAtu@fi@xl@pc@faArp@~~AvfAzDgCfEArGfA_@|D_BtDySnc@_OpU_OnZ}A`DkFjMksA`jCjQxMru@jt@hVvU`HvArFMtAi@vAoAnBiFvBg`@`@mAHoBhMy}CX}FvFilAfAgSr@sMrAiWnBoQJwDn@iVVeDb@uNn@eUxDk~@vFusAl@kNpD_}@RuGuDM]vKiClo@,sbqrSyc{mjEi]~g@po@vd@zq@pf@r|@~n@rr@bg@fo@nd@`_@ai@xWy`@xK`IfDNn@JfX|Jbk@fBdIV`AoYXiHp@uQ
OD-009,Quận 12 - An Sương,Hóc Môn - QL22,Q1_DATA,ok,207.9,1.995,ok,232.1,2.217,24.2,0.222,11.64,11.13,,,or}vSoxckjE_i@xTiR~HuEnFaGvNiLnUuKnO_LlJcOv@yNUeIJuGtCeSiLmfB{aAoIiImnClj@yUnLpEdTfh@vv@zD|FnAbI{@dFaf@vdAm]du@iUlg@{y@j}CaWbv@iTtd@,sa}vSavbkjEfNeCtIwBlG}AvA]kIgTSyFZ{EeFIaFJkMjDgx@t\iR~H_BvAm@t@}A~CqBlEeM`WaT`ZqFtEcOv@qMaBgBSeGjBeH|DwE_D}KqHkHaEaJeF_[yQgJoFqHmEsKaGgO_K{OgK}QfF{qB`a@_IxCgDbBeAp@wInEgAj@rDpSxCjGtb@pj@bAfDnCnEnAbI{@dFi[no@eJfR{M~[cHrMkMvZ}LfX{@zCiVl}@kWv`AyGrVgEbOcg@`mA
OD-010,Thủ Đức - Đỗ Xuân Hợp,Thủ Đức - Long Phước,Q1_DATA,ok,386.5,3.777,ok,370.9,3.917,-15.6,0.14,-4.04,3.71,,,{istS}sitjEIeC}FgDX{ZiM{N~PiLrItLpKvShGxL`JbGvEg@z^oMlDoCzYiU`X}NtCk@xFoAbWn@hM{@~HmAnImYbNkYnN}LhLuCxJq@|]mBtu@}BdWqT|ToNjBiBpFqFdLuOfJ_FbAo@pEgDnAe@|OeBr^eAhEFzf@GnLf@nC`@h_@fNfJhDr@Lj@JjeBsqHhUeNvHoGjIaFbRb@bn@jQvBbEncJifGrFeEkEwGyqF}jI,q~rtS_|itjEbN}FfBi@rBbDhCnBhJ_BdPuF`FeBjK}FtImG|M{JbX{OxB}@tC{@rDW~HH~Pt@xDKtCk@~CoBxA_C`LoXjEwJ~EuHvHsHhHsEbEiAdIq@b^uBhEYxTgAnPq@dG_@|E{BnOwIvBkA`YkS|FkIdFqG~DcG`HiGzF}BjC}@rFaAhIm@lFGdEGrFGrGGtKMjb@e@bI^zFh@dMtEbQtG|JvFdMa_@nL_`@tUy_AtJcd@`DwP`Iqb@dQe_Ar@{DvAoJhIcMnF{DfRqKfHeDbD]pC[`CA|BBtBRfCf@pl@fS|C@jiAkt@v[cThh@m]hcEyoCl@qFlEoCxFoDeMyRwc@}q@yAuB{L{QgB{CaIoMcIqL_HwKyIyM_]ci@mEqGiDmFwOsVqLyQsHuKu_@{k@cC}Dw@cA_JoMcOuTfbB}hAlo@_c@
OD-011,Q6 - Phạm Văn Chí,Q6 - Bình Tiên,Q1_DATA,ok,143.3,1.106,ok,102.5,1.054,-40.8,-0.052,-28.47,-4.7,,,ed_oS_qqljEsYzGtJfjAvIrdA~HzbAlq@sHtc@_FlMtYnN`YnH`O`LzVzHbQdYhm@hU`e@pShd@uWjNs@^,ed_oS_qqljEkSxEiEdAd@fFxAvQfBrTxA|QZnD^hErHp{@\xDb@lFjG|w@NnBtAQvn@aHxHm@dJu@|MuC~BfFdJfStA~B|FxL`F`KhBpDpB~D~BhFhGjNd@z@bAlBrDrJhAzBnClFbJdRj@nAtBtE|EjKtEdJb@z@tDnHdFxKbGtMzAvCePdH??
OD-012,Cát Lái port area,Mai Chí Thọ (west end),Q1_DATA,ok,587.7,8.4,ok,559.9,9.251,-27.8,0.851,-4.73,10.13,,,{pooSgvesjEaIsHgjC_hCgj@kf@yQgRsBmB{AwAwAqAsl@qi@mf@ug@yeB_fBek@wt@kjBu_CevAg}A{K}L_fBeaBok@kf@cRmM{CaC{BwBwAwC{BeBaA]uBYwBDmBd@kBfAuAdBi@xAQbAsAjAch@pw@we@hm@ad@pp@_g@ps@yP~^aHtSe@rm@o@hz@{BpwCCx_@eAv{BiAtaA{Bnb@[`AcOnb@oPjU{S|P}c@|]yf@j`@wmApfAso@|i@a[lWq`@l^ef@~^wlB~{Aqp@fg@wm@dg@mEtDmC`CivC`gC}t@zk@yNhLaWjSuVlHmKtA}N|@uT]yJq@sLqB}WyM}PkHaXoJyVoGuUkE}WmD}_@}DyUqCiOeB_|@sKrBrLlCnOrAfHnJ~r@|QvsAvCrXh@tCjB`MhIdj@pWxmBhA`JtXroBbT~cBnJ|u@zN|`A`Ef]dDtXpJvt@|Hpk@vEl]dCfNhCpKxLj\|DbJpPtb@~JvT_^lOc`Ara@wFqO,k`ooS_xfsjEmK|J}AkBqHtHwm@gl@ee@{c@ib@aa@qFaAwmA}iA{AwAwAqAef@qc@ye@of@ekBeiBah@co@yI_NwbB_}Buu@}{@uTwTaHmFcJeNefAedA_f@}`@mZqVcQ_NgSeMU}Ag@wA]k@a@i@oAiA_Bs@}Aa@m@Eo@?aCVcBj@wA~@eApAs@`B[hBClBFzAv@tBqk@pu@wXr_@mm@rx@i^r[kI~LeHnMuKdVaGzSHbIGjEe@~_@e@vk@?xC\bCeCb{CaAbaBg@~f@ErTu@zaA@jIo@fJaA`LiBjH_EvMeGhN_IfK{GfHiI|GmFnEgCdBua@n^uf@hc@sWjUy{@nt@ag@zb@w[nWse@j`@mFnDw[~Vw`Apu@gEvCaRpNi@b@uBhB[VgIrGw[fWoWxS_d@x\_GnEkG`FmCfCa|EfaEaWjSuVlHmKtA}N|@uT]yJq@qJaBqJcEaH}CkFgC_Bo@oFgCmEsBaXoJyVoGad@oI_JcA_Fk@eLgAa\cEcKuAkDw@gDaAaCkAyBqAyB}AqBaBuDuD{BgDgB_EeC}GaI{VgFgP_DyJcImUyQwo@gRms@uGkVeAwAcDwCyDqBeBi@oDm@oCTcB~@gA`BkBpGS|BDzCjA~LpEvSdJ`c@tUz~@ZtAtBxGbCnGdCjFz@fBt@hBhAhD~@nDhA|EtAzEbC~G~@`ClBbEdMxUlB`Lb@hCRjAVvAtA`I|B~MQdEdCpSr@fF|C`UfFbd@`CpQxDjXn@xDhCxPvGhe@bC|PdGpf@dAtIdGzi@`AtI~VfoBvTxgBdMjbAdIho@bKpz@zIjs@rHxo@dGh_@dCvJpEdN`b@zaAg[hKq`A`a@`FvL
OD-013,Thủ Thiêm ven sông,Cầu Ba Son (Q1 side),Q1_DATA,ok,229.1,3.634,ok,200.2,3.022,-28.9,-0.612,-12.61,-16.84,,,_ahqSgwqpjEnx@e^p_Bus@zkAeh@vm@qXdDmFkGh@cn@fWilAbi@w~Ads@isCvoAmUvHmKfGkhAld@wF`CsTnJmJhFkBhCaCfDoArCw@xCY|E?tBLbCtBlJpDjRxAlRFdMo@bNmDf\gBtJcBfRcOhhBp@|Eo@lJMjPz@hQhCnOBHrDxLbEpIxFpLdIdLrFvFjQ`MtFhCxGzCxGnBjHxBtXfIjLhDxe@lNjLfDni@|OlFzC~D`AvG~AlAXxJnCvH`DrGnC~EzC`GvDbPxKxCpBhg@`c@zn@ti@|[xXbJt@uD_IeVcSm}AcqAsNyK}IiHqGyDoHwD_A],_ahqSgwqpjEnx@e^faBat@dc@qRrFaCxDeBbEmBjD}AfD{Avh@aVbHaD}BwFkH~Cyh@pUeDvAkD|AiEjBsDdB}HfFi`@`Qy`Bzs@ipCvlAmXvKmKfGcDrAgcAxa@wF`CsTnJmJhFkBhCaCfDoArCw@xCY|E?tBLbCtBlJpDjRxAlRFdMo@bNwEvf@e@fEw@|H?r@BxBkQbgBp@|Eo@lJMjPjAvPf@hFrAzHtD~LbEpIxFpLdIdLrFvFjQ`MtFhCxGzCxGnBjHxBtXfIjLhDxe@lNjLfDni@|O`MpHhFxAvLxDdIdCfG~BvFxChGdDtEnCjGzEbEzCjBuBlAuAaJqHkN_LqGyDoHwD_A]
OD-014,Bình Chánh - QL50 (east),Bình Chánh - QL50 (west),Q1_DATA,ok,328.2,4.567,ok,286.9,4.59,-41.3,0.023,-12.58,0.5,,,cthmS{cpjjEaUqBkWuAwy@mE{_@_Cqo@}DsZiBqaAcG}YoBa_@eC{Pk@o\_AsGi@gL]|Rvf@|aApeCri@vtAzL|ZzP|b@zN|^na@ldAn`@~bAne@~lAvQfh@pItT|b@`iAtk@~zAzw@fpB~dApmCbN~^hx@ptBzZxz@tC`JrElQr@vE`AnMWvFShDaA~CsBjDqCbCwDvBeEv@}E?gDSkEqAkC_BkBmBcBoC}@iCq@qCEoDRsDVqBdB_EpAwBvBsBhDmBnEmAxFu@tMw@tM[do@pGnKd@~q@lGfQrAjx@jIhJpC|a@tDr{@|H|CkWi{BsT}PyBaKgEqOiDqKqC_JkDwEsC}DwC,i`imS_dqjjE@n@wFjDwAtViYeBsCIaGO}Lk@qCQ_E_@gGa@aCEmOeAmBKsLo@gAG{H_@uAEsN_AqBIgBKuP_AuJa@eE[yFYcBMyUmA{l@wEgIg@qDYuFSeCYyN}@aIm@eJa@mDOyFqBiOs@mCMgBI}He@}Ks@bAdD|EzMnKxXrCdHz{@jxBri@vtAdMp[~KjYxItTrHdRna@ldAnk@rzAlT|l@^hAdAjC|A~DpCdHbMxZpItT|b@`iAtk@~zA|_@rbA|Vrl@hZpv@ti@~uAbN~^hx@ptBzZxz@tC`JrElQr@vE`AnMWvFShDaA~CsBjDqCbCwDvBeEv@q@?kD?gDSkEqAkC_BkBmBcBoC}@iCq@qCEoDRsDVqBdB_EpAwBvBsBhDmBnEmAxFu@tGo@pR_At\lDhFh@~I`Ax_AfI|iAxJ~JvDzD\dE^~P|AzCXji@xEzRhAjByU}v@oIgHs@aSmBcf@yEqLs@mOmGqOiDqKqC_JkDwEsC}DwC
OD-015,Bình Thạnh - Bình Lợi,Thủ Đức - Linh Đông,Q1_DATA,ok,745.8,9.511,ok,643.9,9.256,-101.9,-0.255,-13.66,-2.68,,,y|_sSes`qjEpPbFza@`Lln@bR|XtFpVlHdoAp]fTzDtMf@dM?~Kg@|McBpNeDzG}BbH}B|^}LdSyG~PwExk@wO`c@_Nr|@kUhx@e]jMwIf~@ac@nRcL_BeKoCeWAK_B{Ws@wOm@eJuAqQwBwTk@{F}C{UyE{q@aGgq@sCs@OeSxcAuPbBc@`IoAhXeChOi@`HUtKDxHbA~CLzYnGbMdH|KzIv@jD|ErMtb@riEtj@xfFzXjaCzBbWZdIj@jOoAxRh@|Ig@fLsArNqC`PqBjJaCjJuDbL_GxNgH|G_FxKwGfNoAfJkq@duAm]z|@wJlUwL~[qSbz@iMjl@oHna@cDxRsBdEcAxI{C~c@[tZsArFc@zFk@xC_BnEqBlCiBbBeCfCcDnC_DdAwEhBm`@M}G~@o_@_AmUc@uBEaAAk^Qcj@y@{EC{OYkH]_Rq@{c@_@iFEc@?oJHqDBgp@a@uMk@uVsDoVoGs\mJ_W_Hqo@kH{Ns@a[gBqToAk\iCmSmAk]kAuv@}FiFa@iv@kEmJOm~@qEesAyIqSuA_XgAiPcAeIe@csEsWumBeNkPiAkkAaI{UgDyQmFgAgDoBoCmCoBcDgAiE]iBDiSgkAiU{wAkBsNaMkq@yL{o@yG{XkGcSmMea@cT_i@kK_TuLqTaOkVmNeUiHsJ_EmH{]me@aa@ki@aT}Y|E{@zFoBdKmJnLaMlD_QtK{SrZoV~OqNbt@my@nPoQsl@mi@iMqLsEkDcDqAwB_BsPkLyu@wh@nPkR~JgLwSsL,y|_sSes`qjEpPbFza@`Lln@bR|XtF~g@`O~s@fSvHtBdPlDJ?hTbAlDIxDC~Kg@pM}BhNyDjH{BjHaCx^mKxd@uNfn@aSrbBif@nb@{OxDgBdY{Mzj@oXtf@_Yjf@wZpg@u]hGmEpKgHnDw@~JgFjM_DzCm@kAkHa@mG[sHu@iHYaEoCs}@cEkqAlAuEpB{DvByBhD}AnC}@pIzDjCnAtHpFrCrBbFx_@`V`{BjKxaAtj@xfFxVh`CnBjRVhC`@hCl@jCv@dCIdNKfHYfH[pFe@pFeAxM_AxIeAdGyAzHg@zAaEpKuFzPsDxIoHrPOZsO~ZQfIaCrE{Rf`@uOp[aLnWad@~jAyKf]uDhM_DzKcEvNuC|MiMjl@wH|a@o@|Ca@xCs@dGiCrFcAxI{C~c@G`GSrRsArFc@zFk@xCiBbFgBxBiBbBoApAu@t@cDnC_DdAwEhBwQGaFCaDrAgBKqBKaESkx@qAoq@iAsU]wIYsBCoKOoHIeRQgPQyYKmHCsFEqp@oAcKKyRaCgL{BiOeE{[yIw]cJwj@iFoBMkBKms@gEyWaBqNw@kCKgCKkc@}CivBiMwIg@am@yD_PcA_W_BqMy@eMw@iTuA_Jk@qRmAkg@aD_KB}`AaGycEcWcz@gFcKu@gFeAgNm@kH[oDUoEYuXeBcMaA{D{CoEiDwE_CwGuDsLgIaHaJ{FeIoGoGKc@i@{BuCuPuEsWaOg|@}H_i@wEy[mRubAcJe[oAeEsIaZ_EuJ{L_]wD{Ji@mAwBqFcK{TaOeW{@yAeEgHwPuX}DeGsAsBqAwBaAsAiHwLmSaWgE{FqYi_@yYoa@dEwDdKmJnLaMlD_QzBkExGoM|E{DtSsP~OqNb^ea@lAwAnTsVpNkO{TeSyI_IsH}GiBiBiMqLsEkDcDqAwB_BsPkLyu@wh@nRuTmQuK
OD-016,Q1 - Nguyễn Huệ,Nút giao An Phú,Q2_INFRA,ok,510.7,7.712,ok,562.5,8.244,51.8,0.532,10.14,6.9,,,_zppSsrqojElH|g@kZdJaa@|LyCvAyC`A_Cv@ab@xNSHkCfA{LtEiRtFmgAp^afAmdAqPcOa^m[w[mYsjA}cAg{AcsA}{@ov@`a@}c@cDkCmD_CuD_IeVcSm}AcqAsNyK}IiHqGyDoHwDqHsC_OmFcKcDkC_A{EIeI}BqWaIwTeHus@oS{_@wKeHyB_GgC{DcB{DkCyFoEoFcFgFmFqDgFiC{EwD{G}CkGaCmHm@}BsAaHq@_Fk@eFQoFImIRiJHsGxAqDfPefB~Iep@cAeIjA{XAiOw@iOw@mGcB_H}E}PkOy^mEcL}JgU}DkGaEqE{DcEyFsEsFwDiDsBkEuB_IkCwJgCeJ{AcHaAeK_@_cCq@_n@MmOIqNU{L_AuFw@eF_A}GqBqFiBsG{C{GgEyIuGm@e@kE{EsKkOlEoDie@}n@eN}P_E_@kUmXuDeD_EiFoBuD}@}AF_EuAwD^wNEmM}@sJm@{SoA{ToKgfAcNcnAeXozBaCwVwAcOaWcjC_KocAwKuaAFyIqEmZ{Icf@sD{UkDkGwDg^uXikCqSefB}JyaAe\y~CaK_cAeEyb@_Es^iCeSuAcTScS?iUx@gVHmIlAqIQ_Ii@kHeAyLcFyGuDqH}GkQeGqR[eH{DqSgEsZNmFaBkNo@eI~@eH^cFzBuMbBkJ|@wKC_EBkFyAgOkEmQeKo\eMoZgJaS,swqpSa_qojEf_@_GqE}VcGc\y[u[qCmCpRcTtA}Avn@qr@~NiPda@gc@|TiWnB{BGsBWuAm@sAy@aAcAw@oAc@{AUwB?cz@j_AeC{BgP_OmO}MuBsAaCgAww@}[}B}@uEkBl@iCVyBR}CW}BqAmCoB_BqB}@sEQkFMyAGiPg@{@GiBAyKq@aFW_K{@kBOgL_ByGgAyQyCkHmAaZyEer@mLcE`@_COoGy@oT_Ey^yGiRuDwRoDcASuE{@c`@eHqC[iC?_DLyBZaD~@cEhBcDpD{MbOm@p@q@r@_h@nk@}LzQqBz@cBTaBG_Bs@gVkSarAyfA_CoBsFoEaJqHkN_LqGyDoHwDqHsC_OmFaCw@qEoAwKeBeI}BqWaIwTeHus@oS{_@wKeHyB_GgC{DcB{DkCyFoEoFcFgFmFqDgFiC{EwD{GwBkEe@_AaCmHo@cCqA{Gq@_Fk@eFQoFImIRiJHsGxAqDzPyfBpCmT`DeVk@cMjA{XAiOw@iOw@mGcB_HgBoGiCmHsNk^oEmLyIgTwE}HeDeEcEiEgGmF{FcEkGcDqF}BoH}B_IeByIoAqHo@aRWwIKwoBU{m@MmOIqNU{L_AuFw@eF_A}GqBeFkBuHuEeGsE}F}EsFiFyFiG_@g@kEmF_F_HoEmHuRmYmSaZ}JuLmDgEiN_Q{FaIyB}T\oO]yX]}Ji@}Ju@}KcAyKuW{~B}Iev@qCqS}@yHuO}xAwCyZw@qJi@aHwFqk@eCgVkCyWkBkSeCyVeDo\eBwQ_Es_@yAoLoDkUwM_u@{@uE`BkKo_@mjDg_@ykDmWwbCiZuzCeAaKyA_LoAmNe@iTKeKR}IlBc]B_C?uBe@iNs@kIyAsM{@wEiAcG_DuKqEeMiCeH_HsPvOsA|Jk@wB{SqDg^qFgb@kBeMi@yD}GkYgPcm@eKo\eIuR_CyFcJwRO]
OD-017,Thủ Thiêm R2,Cao tốc HCM-Long Thành,Q2_INFRA,ok,440.0,4.998,ok,364.8,5.103,-75.2,0.105,-17.09,2.1,,,irhqS}v_qjEic@sz@cjA|l@aQ{]ge@k`AjYcUdBiBfMyM~MkRrYqa@pQw]dX~B~l@~E`TeCiKwVca@}`Aog@gjAkJkS}L_ZeNoZsE}JmBkEgCyFqFwMiVcm@uJyTgOs^w@wA_KwTqPub@}DcJyLk\iCqKeCgNwEm]}Hqk@qJwt@eDuXaEg]{N}`AoJ}u@cT_dBuXsoBiAaJqWymBiIej@kBaMi@uCwCsX}QwsAoJ_s@sAgHmCoOsBsLwd@{Esz@iIoi@kFclAgNavBiT}e@cG_k@mFebAyL{c@{CcKuCex@iJg{@uIyt@}Ikn@{Jyb@_KmBu@,_zhqSgr_qjE??rCE`BoCoSw`@yN{XcjA|l@aQ{]ge@k`Ax]wY~KoL|LaQtZ{b@lSg_@vm@zF|O~AnBj@dBv@lAdA`BfCr@vAp@z@NRlA`AjAl@pA`@rBXvB@nBUrA_@TGvAw@jAcA`AqAp@{A^aBPgBAgBQgBe@eBu@_BgAqAsAeA_Bs@eB_@kBOgBuBmAeBsH{Py[}o@kLwVaWyi@__@_|@_NeZyLeYg^cy@}JuUaGeN_Vok@g]sw@}DaJmE}MwCsMyFe\iC{UgNilACMsKa{@yIco@eH{h@eDyX_B{MgQuwAeVmoBiAsI_Hgi@eA{H_BiMaEkYaCcR}Ggd@mBkNy@eGuDwXuAkMoBqQeDaT_A_HcHwi@kBsC}B_NuAaIWwASkAc@iCmBaLsFiEuCmByCeBgDiBqDyAaD_Aw@QkBc@iDg@gQaBuh@eFeKcAi]gDcI_AuH}@cLqAoR{BsOgBaGs@uxAaO_J_AaJ}@iFi@iLyAsXiDc`@aEkJaAaGs@oKoAiw@iJmE{Bgc@cDac@cEgPmBg{@uIu@KoGu@_Gs@mLwAaRsCoNiHqWuMqKqGoC{BsCoD{B}EqAaF
OD-018,Thủ Đức - Tăng Long,Thủ Đức - Lã Xuân Oai,Q2_INFRA,ok,197.3,2.068,ok,249.4,1.977,52.1,-0.091,26.41,-4.4,,,}y|tSy{gujEkMfB{UtDnPh_AzCrSdDtRxEhMfF`f@jFpc@tJhr@bIng@vNr{@sBdDDzH_AbL{DvP}GxUmBrIyS`p@eFlPs@pHSxS|@~RbCxI~BtIvHjJ|AvGpVhc@pLsEhM_Dj@QfEiAlN_BdOw@`ESdESpGu@~PcF~Ae@h\uJbBe@nAtChRvb@~Mj\rCpR|@hInGlk@?~A@nJtGJvPcCwEeWP{AbKeE`MgC`FmC_DgRoCuHfP{E|TmE,ox|tSi}fujEDXP`AF`@kBb@yMxBcDl@gBZcGm_@eDoSsF|@dRdmAt@zE`BlKjE|Xn@bEzJfo@fGr`@jI`i@lA|Hh@jDjJlm@zC`SzB`O\zBVzGGrEQxGq@lLkA~Hs@nDu@jEaE|LyB|H}@vBsPxf@wAbEgAbE{C~K_AnI]bGLfRvD|KbDrLnBlHnAhDfC`FnD`HzJpOxBjDlErMfLcG`NgDhFkA~LsBdOy@`HWdBMnGu@vPcF`Cu@vZcJxEnEtPhc@hNtZdErT~WyHrBbGlTaIbDfCfP{E~NgBrFo@
OD-019,Bình Tân - Bà Hom,Bình Tân - Kênh Nước Đen,Q2_INFRA,ok,249.0,1.525,ok,259.9,2.123,10.9,0.598,4.38,39.21,,,u}hoSgzyijEi\t@}Aa[iL{l@aZnI__@lKyZrHqCg^W_D}TgYgAqBuHiNms@wqA_DuHKgH~Hka@j@wBsaAeDh@wMgn@_AAuFfJef@fFic@TuDx@{Lf@_Dck@`C}d@NmXg@wNYiFYdD}k@,w}hoSqzyijEg\~@}Aa[iL{l@eGbB{QjF__@lKyV|FuBd@QuBwB_V[}BaAgEk@}Am@{@{MqRkBwCoJkPiPiXk@gA_OcXmPqZmAgCoA_D_@mAM_AE}@CaFnA_HtEaOx@yDv@yC^}AtQ{q@lIw[tIg]}l@zAmPAudAI_Eh[uArMcEd\}AdNQ~G?xBJdFZpF`Hbf@aC\mEV_g@Wo]{@aVcA_G_@rBic@PuL`DgeAWsEx@mN|@iDhAqBdA_F`@uHeMm@wFEjBuh@
OD-020,Tân Bình - Trần Quốc Hoàn,Tân Bình - Cộng Hòa,Q2_INFRA,ok,238.7,2.628,ok,260.1,3.399,21.4,0.771,8.97,29.34,,,krjrSom{ljE|Kb@~AcYbXjCjGd@tKb@zSXtFJx]|BcAlWi@xQgAx\}Dl|@qDh`AwAt^gBlc@_F~vAyC|t@kChn@K~BcBfm@e@jKa@xWiA~f@wFrxAmIzwBuBpZiCpo@}Bjh@QhFsAvc@gBzc@eg@sD{~@eGg[oBm\_CoVeB{p@iD{w@qCcB~\iCjL_@~BMdI,orjrSyk{ljEtLHxBiXxDgh@VcCB[z@_HjB_LlE{W|@wJLsB?sBc@wS{AM{TaEcKkBoWyEg^uG_Ca@kUgEuAWuEq@wE}@qFdM_WvcA}C`NoC~LaGpVqDrYwDjo@kC|d@aDfXgGdWuOds@yCzPaB~EiBvAuBf@mJGyLh@srAmFoCGaD@wDTgDXeDd@iDpAmC`BuC~BwAzBoAdCi@zC]pDiAzSoBpf@mBtf@iEvuAg@tc@oBhw@oGrf@{G`q@qBti@_@`KoE|aBs@`IsAdEoC`e@oA|Sq@|Kl@dElGzTnNfc@zBrHf[ffA`IhXxJt\r\hrApCvK|EeAga@i_BkAgE
OD-021,Thủ Đức - Vành đai 3 (north),Thủ Đức - Long Thành (south),Q2_INFRA,ok,386.1,4.267,ok,480.1,4.484,94.0,0.217,24.35,5.09,,,igruSkurujEvpBk}BhuCacDzgBqqBbKJfHjGj_Aid@yIum@`uHutIr`AgcA|t@|s@dZvYnYfXzZrXvUqZnEgUv@sr@fJqf@jnB~Vz[pNt`Ah{@xFlGtoH`gHp{AstA|TbQ,ykpuSeopujEkXwWyEbFe@pCgMkLaZoWb{F}qGl]a`@|l@{p@xKwNxj@}n@dIiAfG~D`DjDbc@yWvT{LjEcDiJ_m@xHmIlcAujAnd@mg@dOmPfWcYdkBssBlFuFdv@y{@~b@kg@dIoJlG`G~g@lg@xC|CzYfYfTvRdInH|UrTpKzJ|WvVrVlUhFtEdFzE`BtBbKzRq@vEJ|EfArE~BtDlDhCjEpAtDTtDUnLfFvAn@bDhCvKfKVRdBpApTtStDlDboAfgAdT~NlLxHnR`OjRzNrFfEbGhD`MfHrKrGbAl@fYzPpBlAtDzBxD|BpCbBjJvFtG|DbGnDzBrAjBhAlN~IjEkJzEkKbcAyyBh~AawAbTdQ
OD-022,Q1 - Lê Lợi,Q1 - Hai Bà Trưng,Q3_AMBIGUOUS,ok,144.9,1.599,ok,153.5,2.099,8.6,0.5,5.94,31.27,,,u_rpSimkojE~b@pt@|P`\pRt]|m@vgA}i@~b@as@pz@g_@nd@mCdDqQpTaJzKgpAn}AskAecAcLsJ{X}VmNcMiVgTueAs_AyMoL,u_rpSwlkojEb@b@zKbRbFrIvDpGnBhDv@lAnC|EdB`DbJ|PnBpDtBzDxHjNpDxGbElHv@vAzSj_@pBlDfJnPjBfD|ApCzHlNr@nAhKdRtAdCjBzCbHdLjBvCvEjHmBhaAEzAk@nEgAlEgAz@u@nAi@bBo@j@iB`BcCvCkBtDcYfn@qChGeKdUiGdN_K~TaBpDsAvCai@|kAiF~AwD^iFPaA@gB@iCBgIuH_f@wd@o@o@uBoB{DmCsw@qt@qBPcAy@kEiEiD_DwUwSaQ}Oun@wj@i{@ex@sYmWmAgAie@eb@_BwA{MuL
OD-023,Q3 - Nam Kỳ Khởi Nghĩa,Q1 - Pasteur,Q3_AMBIGUOUS,ok,142.6,1.652,ok,122.9,1.617,-19.7,-0.035,-13.81,-2.12,,,yyypS{z}njEwMbNpB|AxU|SvCnCxXxV~V|SnOxMvw@rq@j`@ed@jV}XtBeC{fAqbAskAecAcLsJ{X}VmNcMiVgTueAs_Ag{@}u@aSuQws@cp@bUcW,qdzpSkk}njE^\|SfRjG|Ftf@jc@|GdGxWxU~OtNxUpRlHrFbU_Wd]u_@tB_CdCmC{DmCsw@qt@qBPcAy@kEiEiD_DwUwSaQ}Oun@wj@i{@ex@sYmWmAgAie@eb@_BwAiz@qu@ohAgdAdTcV
OD-024,Q5 - Trần Hưng Đạo,Q5 - An Dương Vương,Q3_AMBIGUOUS,ok,133.6,1.499,ok,126.0,1.463,-7.6,-0.036,-5.69,-2.4,,,}gloS_~rmjEx@tGhBrRmwByFyBfAqB`AyBZuBXwUfDoFt@gFbG|Vpl@{IfE|IhShGfQvQzg@nOjr@x@jF~B`FnOdlAhSbeB`ApHfG~g@jAvKcIp@{s@xMyCh@mGjAm_@`Hke@rIiCiR,qgloSy}rmjE`@lDP`BdBfNZhCeEG}b@s@kT]yBC_t@gAgD`@wBXqBXkBVoUdDoQfCqEn@wDh@tAvDlBlEvUli@|IhSlGjQxQfi@`Mhf@nBdIzBrK`AjGjCvSlE~]b@nDfLj_AT`CvGvi@\hC}LxAoNdBaFl@i`@zEuGv@{`@|EmNbB{UtCnI|t@
OD-025,Tân Phú - Lũy Bán Bích,Tân Phú - Âu Cơ,Q3_AMBIGUOUS,ok,283.5,2.601,ok,232.4,2.636,-51.1,0.035,-18.02,1.35,,,yzpqSsvdkjE\xPhy@uFi@yWxCuOfj@jErAoQ`Due@P}BdGaeAhBe^rCo\rAaJ`Ogb@bL{[tEiNtI}UpO_b@`@eCfFwRbCoMn@{Osh@aEhC}x@t@eXnAwe@gB{Ww@uLsAeSvG{RnCiI}F{x@ak@tMsV~EoIlBulBtb@ueDzx@cA}CcEkTyDaJgC_EgCgD_FgEaDqAqBw@aE_AgScDoEu@}g@{JmS}D_Gb_@s@lE,sgqqSwxdkjEjAm@bDuA|Ca@hy@kFxDuRxTdBxRtBfB_O|@yMbB{VhCqd@hDcf@d@cQ^iITaDdCiWrAgJrB}FtGoRpAuDxGcRvCsKfE{LhKgZnIyVfCqHh@sBVcARgAX{AV_BPoARqATwBRwBh@_G^cEb@wER}BT_C{CYoUwBsCWwD_@cGi@cgA_KuMoAq[{CwRcBmj@gFkGk@_ToBs{@cIeDYaf@gE}YiCwZmCkEa@eoA}KsVyByP{Ay@i@m@g@k@y@[gAGqAHgAXcAd@{@jAmAjB_@rMeC`ViFjl@mM~|@aThAY`Du@_A{DS}@{BsJOo@s@cCk@_Bo@aBq@}Ay@iBeAgBwAaB}A{A{AoAoBgAcCmAkDgAyAWwAYuDs@eM_CuBa@yCk@m_@gHkAU_Eu@gQeDmFr\cAxG
OD-026,Q4 - Nguyễn Tất Thành,Q4 - Bến Vân Đồn,Q3_AMBIGUOUS,ok,145.6,1.641,ok,136.4,1.59,-9.2,-0.051,-6.32,-3.11,,,uuvoSckmojEnGpKqJnGmKdHkS{Z}QkZaDoFsC~A_WbOoKrH_PhJwJtGsKvIgMxLyf@bh@ye@`g@oKjJ}G`FyGtDgMdGsh@vV{An@wh@lUw]|Pwh@hWmRjJwe@rV_GzCnDxC~F{C~EiCbg@_WdHyDj`@cRxMoGjNdQvg@no@~RhU,iwvoS_jmojEyHuMuGlE{AbAyJxGoTs]uBsDoAt@iAn@wDxB}P`KiPfKeKtGwJtGsKvIgMxLyf@bh@ye@`g@oKjJ}G`FyGtDgMdGyKxEuJfEyKxEgBt@oCn@cg@dYw]|P{c@nTgD|AiCrAuMtGkb@bSqDTsC`A_CnBnFxEv@{@|@{@~Cu@bB{@tBcA~]oQjLeGbCyAdDyA~[sOtFmCbFaCnBxB`JbL`DbEtFlHzDdF~EdH~I|JbCrC~QfT^`@
OD-027,Tôn Đức Thắng (south),Tôn Đức Thắng (north),Q3_AMBIGUOUS,ok,192.5,2.644,ok,177.2,2.632,-15.3,-0.012,-7.95,-0.45,,,}~spSydyojEdDuBlCuC~C_HbAmHY{FaCgDiMs@yZeAoHT{Ea@wKMuHy@m]uE{XwDkI}A}CUiFi@oBWyl@eKgh@iJoa@oJgc@yGkGqAcZaFgBa@qDo@iEzA{VlXoSzT_DhD}JtKmd@bh@mD_CuD_IeVcSm}AcqAsNyK}IiHqGyDoHwDqHsC_OmFcKcDkC_A{EIeI}BqWaIwTeHus@oS{_@wKeHyB_GgC{DcB{DkCyFoEoFcFgFmFqDgFiC{EwD{G}CkGaCmHm@}BwFpArDxLbEpIxFpLdIdLrFvFjQ`MtFhCxGzCxGnBjHxBtXfIjLhDxe@lNjLfDni@|OlFzC~D`AvG~AlAXxJnCvH`DrGnC~EzC`GvD^V,s{spS{eyojEzBsBrBsCtAsCl@iCVyBR}CW}BqAmCoB_BqB}@sEQkFMyAGiPg@{@GiBAyKq@aFW_K{@kBOgL_ByGgAyQyCkHmAaZyEer@mLcE`@_COoGy@oT_Ey^yGiRuDwRoDcASuE{@c`@eHqC[iC?_DLyBZaD~@cEhBcDpD{MbOm@p@q@r@_h@nk@}LzQqBz@cBTaBG_Bs@gVkSarAyfA_CoBsFoEaJqHkN_LqGyDoHwDqHsC_OmFaCw@qEoAwKeBeI}BqWaIwTeHus@oS{_@wKeHyB_GgC{DcB{DkCyFoEoFcFgFmFqDgFiC{EwD{GwBkEe@_AaCmHo@cCwFpAtD~LbEpIxFpLdIdLrFvFjQ`MtFhCxGzCxGnBjHxBtXfIjLhDxe@lNjLfDni@|O`MpHhFxAvLxDdIdCfG~BvFxChGdDtEnCgBbC
OD-028,Bình Thạnh - Xô Viết Nghệ Tĩnh,Bình Thạnh - Nơ Trang Long,Q3_AMBIGUOUS,ok,204.9,2.266,ok,206.6,2.298,1.7,0.032,0.83,1.41,,,exhrSmvmojEo~@~[iOui@cCh@gB^dSfq@xJj[`Mp`@|IxVbA`HeHpwAuDpj@sF|z@cCpb@mGd`AyEjy@yYtF{^jNk]bP}_Apr@}CxBqAlAi`@f^aG`FeKjJyJ|I}EtEaKjJmk@zg@wM~VePx_@aZxv@uH|[c@fI\vLUpHKhDC`AoEpRyK~\iCxF_UaN??,exhrSmvmojEiMpEcEfAaj@dSgEuNeEuNeB_GiE`ClQdl@xJj[dBpFxExO`B`FfAbDtHxSbA`HiBf^_AvQ_BtYCzAYlFQlE}@~McBtVcBzWsAjS]`EQbCa@rH[~GqAlTgApPeErn@}Cdi@{@dOy[hLcZnK{_@bNsL|HgIdGaUnPaBjA}BbBaFrDeD`CwChCiAlAw`@v]{GlFkJ~IyJ|I}EtEaKjJq@l@mXjVqJrI{DlDmGtLmDjGcOl]mEhL}DpJqKpWgChGkBtHuF`UGtNNrFYxKGvCcD`TmNp]eG|O}CrHkJeBiEcQ
OD-029,Phú Nhuận - Phan Đăng Lưu,Phú Nhuận - Hoàng Văn Thụ,Q3_AMBIGUOUS,ok,174.2,2.346,ok,177.5,2.363,3.3,0.017,1.89,0.72,,,km`rSy{enjEbe@{_@x@yo@qAkDcrAtc@ug@pQmB^yA^tA`El@xF?jFm@tWgDj_AyDlw@{Bjk@SlGqArb@EvAG~AoAbc@gAb^I|BwItvBEjA]vKeDby@W`GcGxzA[|IqBvk@SvFmBph@sAta@aBjQ_@|D_BtDySnc@_OpU_OnZ}A`D}MvJoQ`KkSuD{[{EsXyE_YwEuPkCkJwA}E{@,km`rSy{enjEzBiBjAaA~NwLzNwL`@i[VoSeAiEk_@jM_^pLkRpGkd@|OmC~@_Bh@{Af@jB~JD|LoD|w@_Af[yChw@cAz[s@hTyAxd@ExAEzAqAva@sAva@}A~`@[xH}EdmAoFjtA_@vIaAjVkBde@mBji@iA~YSzGkBte@cE~x@SzBmDtHcKrR{EpKia@fu@uClFwIdD_QjKuWqEqEw@{PwCyWqEgB[{UaEgQ{CiJ_BCbM
OD-030,Q10 - 3 Tháng 2,Q10 - Lý Thường Kiệt,Q3_AMBIGUOUS,ok,136.5,1.052,ok,220.2,2.277,83.7,1.225,61.32,116.44,,,ixspS_fimjEeF_FmRpTmMtOxKtJxFhSwRtFeNzDsEpAiYdIyDfAcIhFcl@vp@iw@`{@enAbrAhCbCve@yg@d[zXlQlUlGtD,ixspS_fimjExGpGfCpIcRzFhAnEjFlSkElAuPzEwRtFeNzDsEpAeLdD{IjCeAXe@T{DVf@r@HFrA~@fCjB`GhExK|HbFtDr@f@~o@he@hAx@`JtFrD`C`BfAlIpF|CrBlPfMvH~FfBpAjBvAfE`D|GxE~B`Bvv@vg@hFhDbR~SzBlCtO~Q`@l@rtAz{A|BhCvApBhC`FqGpAsGnBakAdToF\wDr@yUlEeTtDu~Ab[wm@xJg\nGmGegAiIqL}GwJqS_ZcLaOsD{EuD{E_RqQsGyDof@a\
OD-031,Q8 - Phạm Hùng,Q8 - Tạ Quang Bửu,Q3_AMBIGUOUS,ok,138.6,1.414,ok,141.0,1.416,2.4,0.002,1.73,0.14,,,_qonSqi_mjEcSXgm@jCg`@vEyB}MkL{{@aEqa@}Ekf@kJsmA{Cu`@eQ}`B}MqrAcScsBzZ{@zYy@nKCvTIhH~l@,_qonSqi_mjEcSXoKd@qPr@eOp@o]dE{C@cAuIUaCgAyLsEgg@sFah@{F}g@eFag@i@kFqFyt@O_D[}E[eDcGkj@wEgd@}@uIaCcU_BgOiCsVwBqSmHku@iFci@kBsRzZ{@zYIhLGdU?`Ghk@
OD-032,Xa lộ Hà Nội (Thảo Điền),Cát Lái direction,Q4_DEGRADED,ok,915.4,16.133,ok,474.5,6.214,-440.9,-9.919,-48.16,-61.48,,,yjgrSoseqjEem@`TsDkJcBb@aIuRmOcYsK{HwBwTk@{F}C{UyE{q@aGgq@sCs@OeSxcAuPbBc@`IoAhXeChOi@`HUtKDxHbArIfaClC~bAfD|IrFvDlNb@lRkBjd@uEfEc@jI{A~DuAzFmErBsGA}KoFwn@kCeWoAoOpAkE`BgCbD}ArEs@pEFdLjAdRfAaE}UoFmQcCaIkEqM_K_\uF_JeHkGkGqBkLy@mGYiDNwQLaEsBaC{A{@i@}AmCkDkGwDg^uXikCqSefB}JyaAe\y~CaK_cAeEyb@_Es^iCeSuAcTScS?iUx@gVHmIlAqIQ_Ii@kHeAyLcFyGuDqH}GkQeGqR[eH{DqSgEsZeC_EqDaUyIqh@oJ}_@eNic@e\ez@Q_FwAiH{E}OmA{FiAcMEgHh@sGt@qElAmC~E}JxEuFnH}EtGoBdFaA~EY|MEzYj@reAjM|TdAvaCtXzl@lF`qBrR|m@jFtbEvb@jDyAtBsAxAcAbBmDsBsL}Bab@_Km{AwUc|@sTqw@oJmZqa@_`B{gA_cHg]ceF{RulRsMcdKmAg_A^ccGfBgAfB}AnAmF|FicCdKsq@t@eBbJcThCgGzJ_MdKwJbKaHnKeGtTsEdk@mDtt@_HtOa@lDKrTCjgAKfC|AlEf@`D_@jCwAfBcCr@_DEgDu@qCkB_CwBiAaDc@yBHwC~@yBnBi_A{A__@}CcLuDeIwGgEkF}@iIu@aJh@uGPyK{Hy\yFkGsEuGwjB_fBw[s_@yLgR{HcO{H_P{DuKiDoS?yYtCoUlFyNhOmMdJmBdOjChEjDnFlGpClRiAvVgCz]g^~uFqDj`@{D~c@qKbsAoCpc@wCns@yDj{AiB~|@B`_G`B`dApPpcKjO`qRv\~~Exb@vcD,mqgrSiieqjElHcFhGmEpKgHnDw@~JgFjM_DzCm@~Do@DA`]mCp^iCfHgAjI{A~DuAlFoCTKzG{DzHmI^m@lGqKhBaH^uCb@yDdAiMt@}LFiKb@gRLsG@eC@_CyCqOw@qEmAiJ_CuK{A_HkMga@uF_JeHkGkGqBkLy@yCQwFEkJSoDIeKI_EC{@uEcBcJ}Dy^gm@orF}JyaAe\y~CaK_cAeEyb@qCsVcBkNsAyKuAcTScS?iUx@gVD{EBqBYaMo@kLmBwKkG_VuQql@uEwSsDcSy@aFy@wEqDaUyIqh@oJ}_@eNic@kZkt@aDeIkDgHeDmHNgMy@eZh@sGt@qEd@sAnB{FvCqFzDoEvGmEjHsCpKaBtKQhZdAjn@vFdqH~u@`pAxMxgDh^xJdAxDK~EOxCSvCg@pCu@nD{AzE_DbCwBzB}BrBgCz@wAn@}Ad@cBN_AHg@L}BC_CS{Be@yBd@yGlAcMjBcLpBmGxHqGed@goAkPkg@kJgZaQul@}N_j@{CeL{UmfAwJgh@_C_Bi@GiAj@sFfFyBvDyEuOgJ_d@cKun@gFk`@{Fgl@yAcUsAaO}ByIaCgGc@cEKeH}@sCyAi@sBHuIbB_Ar@Wx@VhLW|B}@bDe@xCArBPvC|Fb^vAtM~@nKlAdIvAnLr@|JNvF?fGLdCz@~CnArAp@dCVdNb@vH
OD-033,Thủ Đức - Phạm Văn Đồng (north),Thủ Đức - Bình Thái,Q4_DEGRADED,ok,1183.1,14.318,ok,926.9,11.45,-256.2,-2.868,-21.65,-20.03,,,_yrtSqcvnjE~JlDfPnLvQdMfPbMfPbMlG|E|ZnUpLpJ`F~DjG`GtAxGXvA|FfY\~AtCjNhFr^z@bG|BzO`AxFfK|h@bFbW`XyK`d@_RbRyHxu@{ZbA[rFeCfCkAfSyIz`@_QhOkKvFmGvDqE`\}[z@{@bWkWvL}Lbd@sd@pMwM~EaFbg@qb@fz@qs@xUgSp\uYhJeIfFoEfXsWlPoVxO~OnYrY~b@vb@j@v@ZjBlBmBls@uv@by@c~@zHuIzPmR~RuTfKiLnGcHdCsC~L{NvG}HvPkOvXgR|l@eGha@kOdOuEt@t@`Ah@lBZpBIdBq@nAqAh@wAN}AK_Be@wAaAmAsAs@{BwMmJ}h@ySglAsWwyAoDuTcQmeAmX}_B{PcbAePc~@_DcR{z@_iFo@uDiFy[wOsz@ih@m|CkIg\mH{`@oLep@wHkb@sFy[rDwB`D}DnA{DXkE]kEgAgDoBoCmCoBcDgAiE]iBDiSgkAiU{wAkBsNaMkq@yL{o@yG{XkGcSmMea@cT_i@kK_TuLqTaOkVmNeUiHsJ_EmH{]me@aa@ki@aT}Yog@eq@qa@ki@km@gy@iZ_]iYs\we@_o@ga@oi@gf@sp@{G_Imh@}p@uw@agA}SkYkGyJ}Xok@qK_WwKqXkL_]gKe]yIk]_Ho]aAoFmG{^aOy`A_DeRcB}NeA}KqJel@sWq~A{Lwv@}Hoc@wHcZkWkl@{QwZ_NwRyNmOc\cZ}i@y\_s@o[}QyE{_@oMar@kW}q@y]mm@mY}\yOcm@uY_wFcoCav@c_@s\oOpD_D|JoKnDgHvC_IfUkd@lP{V`GyCde@{OnOaLvCuG\ek@LyRbBkO^f@j@XfAHp@Mf@_@\k@JeAKs@[k@[Wo@Se@Cq@Hk@wKl@wOd@kLBaFFmLMcCmBsXaAsNs@iSdGk`@zIe]xHwPvKeQnO@|_@mCrVcB`JgCvOwF|HmGxYsVdOuN~a@o]rOkMpEsDtYqVpSoLzZsNdPoDfHTfEsBdKo@`RyFjPeIvZ}RlHoD|PaK`OyGzU}MtS_LbDs@nf@oYKh@nDqD|JwKCIvJuMlKqPfLsS`h@w|@t[mXjp@uUpEkB|MkE|WeL`IaAnQwFdFhGne@~Urn@jYby@t^|ZlNzS`LtGrDlj@fW~i@nVn\tOfm@pXxUzLic@l|@,_yrtSqcvnjE~JlDfPnLnLfIfD|BfPbMl[_c@pJ}Kts@vt@~KnLxHjClG`AfJK~CTpC~AtCrDp@tAdTvb@Pb@rFpMxEhPlD`Q~CpN`D`EtC|BxBhArClAlDn@`EZlCBdD\r@VxAd@zBhAvF|DpB~A|FjGzB~CdCbFzIqDfh@cTrNmHtIyFpFqE~D{DhPsPlFqFlDoDjFqFfjAwkAnMyMzG}G|CeDlSmT~EmF~AuAtAkAne@s`@vBiBpM}KpUqShUeSrGwF~H}GdA}@dDkCfRwQ`AiAbCsCfMsOdC}CfB_CpxAs~B`\ik@rb@_p@rK}NpMsMnIgI|M}Jp}Aef@k@_EwXskBcDwTyHgh@Ig@kCsQu]m`CaKar@iDiUmCyQaMgz@lFQr{@fFfMv@|EcAhIgBo@uDgAuGqIgh@{QkhAw_BwhJy@sEq@sEo@}Ei@_FmVmlA}eAclGcEyVMw@yJel@kM}p@gGyWkGcSeF{O_BeFgCcIcT_i@kK_ToIqOeB_DgZqe@}EcIk@}@sD{FqHaK_|@{kAmMoQoAmBcC_Dog@eq@qa@ki@mMcQaTaWg[kb@iI_JwQeTeFcGwe@_o@ga@oi@gf@sp@{G_Imh@}p@_p@g}@uFyH{PyXeBcC{B{DNq@Js@@g@A]C]G]K[M[OYSUSUWSYOYMmCiFeDuA_N{XuNk[{IwUkLuYgKe]yIk]_Ho]aAoFmG{^yZeoBsLyu@sGs]aMax@sLgt@kIkb@u@yC`EoC{Msf@wCkIoMgYc@_A~Ay]~AmJJkH|B_b@?aOgD_VyYgZyWmYkNqO`FiC~@V|TiN^_BhQuLta@cWfC_B|OwJrVqM|U{MdHcEvGmFdGcFdA{@lL}JrKoLhKoMzGcNbGgPpN}_@pFcOpFqO~Xuw@pEmNhCwGdJkJpCgChGwF`GeFfFoErBgBt^ma@hQ}R`T}U~@}@bWiVVkC`@iDt@iG~@uFtBmJtDgNxFeGtEiEhJgEtOuG~`@yOnGmCxAq@xBcAzGeD~UmOfKaHfIwGrCqChCyCvBsClBwClPa[~ByEdCiFv^yx@hP_^kOiHcYwM}\}OoQoI_@YYa@Oe@Cu@Js@\k@zn@ouAgTeKw@~A
OD-034,Nhà Bè - Nguyễn Bình,Nhà Bè - Ngã năm Phước Kiến,Q4_DEGRADED,ok,119.4,1.402,ok,167.2,1.475,47.8,0.073,40.03,5.21,,,av~kSof`pjE??KbA|ApTzDhn@`@tLT|En@rCfH`W|AvFl@|EhArEdEjLxL~ZzFtNtFtOh@hCFhEFfCOxCUlBa@~@cHtBkBp@?hC^pG~@rIpAjKt@dGPjDBvFPbKva@kC`Kq@`^_CfWmBt@Eb_@oC`ESjCMlCPnJyb@lQmu@nK{f@rWwhApRc~@pGuX,cfclSupfpjEkTkWqIeL_AmAa@_BOuACkAFoAlAyBxL_LbEsD\cBOaBeHuWYcGbl@u`@l~@qn@tAfEvIjXrl@lhB~BhHxV`v@~Olf@jGrPeAdInAjEfE_AvGsA~l@cMjWmFjDo@dDe@`C[fCOl@CfACrBBP?dDJlDT|CV|Ch@dCh@`IpBzHlBsBrIk]zvA
OD-035,Thủ Đức - Mỹ Thủy (east),Thủ Đức - Đồng Văn Cống,Q4_DEGRADED,ok,466.6,5.468,ok,561.3,5.915,94.7,0.447,20.3,8.17,,,mlvoSanrsjEc{AkxAy_B|_Bek@wt@kjBu_CevAg}A{K}L_fBeaBok@kf@cRmM{CaC{BwBwAwC{BeBaA]uBYwBDmBd@kBfAuAdBi@xAQbAsAjAch@pw@we@hm@ad@pp@_g@ps@yP~^aHtSe@rm@o@hz@{BpwCCx_@|SCzFqA~R_PbUnQiQrQaAtlAe@tj@n`@jd@oWhVzl@zo@lOpP`cAbgA~U~Wpd@`h@pSrTdy@`~@lTbVvIrF~I|EdShB`]xG_Df]uDh]mMloA_AdOdpAoJfiAuEllAaH~_@yCtlA}E|hBmP`b@gIpj@{Lnb@eZ,quvoSkirsjEfE}EiBgBcrAuqAuC`CaDAubA|dAs@lEeLlL}R{TibBuyBgUs[e_BciB{kAohAiB}AeF}@_f@}`@mZqVcQ_NgSeMU}Ag@wA]k@a@i@oAiA_Bs@}Aa@m@Eo@?aCVcBj@wA~@eApAs@`B[hBClBFzAv@tBqk@pu@wXr_@mm@rx@i^r[kI~LeHnMuKdVaGzSHbIGjEe@~_@e@vk@?xC\bCeCb{CaAbaBg@~f@ErTu@zaA@jIo@fJaA`LiBjH_EvMeGhN_IfK{GfHiI|GmFnEjKlLjBxBf`@jb@tw@f}@xYf[jVdYdd@`h@nSfThO{NnTdXlRpTlPlWhK~UdDxHdUbx@bK~e@t`AsOzm@qGhpA{HliA_GxmAaG~a@}BljAeFx_@pMzw@`ZvThIlFhBnh@hQ|KvDbBj@jW|J|MpH~n@Jxd@i@Igh@p@{LmAo\Mcj@
OD-036,Q7 - Khu A NVL,Nhà Bè - Lê Văn Lương,Q1_DATA,ok,471.5,6.02,ok,397.2,5.965,-74.3,-0.055,-15.76,-0.91,,,{dzmSyuaojEFzCB~Ea@dGc@pK`@hCzLqG{AdDa@zE`EdqCn@hF~CvBbk@S~E}Eh@aHiA_eCeCcIkGaKMiOeG?Qec@CkD?uBE{lA|GE?cd@Xy}AIktAQmw@x`AwGtaA}FdzCeSd`AaG|a@{Cj`@wDxLaBfB\fCGrCeAvG{Aza@}H|s@}PvD}Ajr@uXtk@c[xSeMt^qTpv@ch@`[cSvMuIdZeShDyBd]wUztAwz@`}@am@t{@em@dXuQ|EkCtc@w\btAg{@bS{MpCmBbtF{tDzmHu_FdmAiq@rrAsa@sGyUqNjE}iAbb@slAdr@cWtP,knymSsvaojEH`Is@jAcCnDgBnD_BfFa@hCQfE~BfzCbDHjXz@dUY`Bq@lAkAlA{A\qCA{CiAqpCMoJqDgDeFcBe@wk@AqCCsCa@y_@nA_Hf@{EDe[Kic@B_aB@qW@gLBaj@[yo@?_It_AyFtaA}FdzCeSfl@sD|RmA|a@{Cj`@wD~FoAtFkAfBVfBCv@Qj@OjAm@pDg@t@Kra@_Hvh@eM|IcC~GuBjo@qWtk@c[xSeMt^qTpv@ch@~B{A`WgPvMuIdZeShDyBd]wU|~@ik@|TmN`}@am@xo@cd@zJaHdXuQ|EkCfKqHlWeSp`Acm@pRcMbS{MpCmBnnDeaCxY{Rxi@y^tNkJjgAqs@fSuMvlAmw@bl@u`@l~@qn@|GeDxf@}Ztf@uThSkIlReHv\oLbKmDsGyUqNjEyfAva@gi@fWoe@hZsJnGoKbH
OD-037,Bình Tân - Tên Lửa,Bình Tân - Kinh Dương Vương,Q1_DATA,ok,180.3,1.635,ok,235.4,2.597,55.1,0.962,30.56,58.84,,,mvnoSo_tijEd_@jTjMnHpPfM~MkGlEuBbz@nA`nATlVXdCzTj@jGtFi@tFk@hCCc@_EeI{c@yAwJcBkNyAcPYcWHqf@t@qc@|@cz@F_Gl@uh@`CqeBbb@{JpkBme@{@kDoLke@yBiI,evnoSw_tijEf]pSzGbEdSlNtB|BjCsAtM{G|@UjAInp@ZzGCvmAdA|UKlA|K~@bIl@nFlBtPLlAXdCtNlqA`Irs@\vCtBU|KoApBUmDw]{TcmBUqBgAgJk@yEe@uDeI{c@yAwJcBkNyAcP[cKM_KjAav@BaTDeEFkHToVLcNXkTb@m\BcCDkD\kVf@m^VsXNgKB{BjLoCjBg@tQmEzjBmg@h`Bga@fCo@mA{EkCr@{YxHg`@dKmd@xLu@eDkIk\iC}J
OD-038,Thủ Đức - Lương Định Của,Thủ Đức - Trần Não,Q1_DATA,ok,292.8,3.48,ok,193.6,2.726,-99.2,-0.754,-33.88,-21.67,,,}ddqSwaarjEqRme@_zCakH_MyY}G_MwK}RyGuLeReVmDcEeCqC}BmCoC}Cul@gc@}WyM}PkHaXoJyVoGuUkE}WmD}_@}DyUqCiOeB_|@sKrBrLlCnOrAfHnJ~r@|QvsAvCrXh@tCjB`MhIdj@pWxmBhA`JtXroBbT~cBnJ|u@zN|`A`Ef]dDtXpJvt@|Hpk@vEl]dCfNhCpKxLj\|DbJpPtb@~JvTv@vAfOr^rB{A,}ddqSwaarjEqRme@s_Ac|BsB|@qBz@gOlGuF~BjNv\`q@p_Blr@bbBls@bdBvF~MtAdDdC`Gx\jx@fV`n@jVxl@rAbDh_AtyBwEnBQFmElByXrLmIjDeIhCqEpAuX|FsGr@eR~@kWI_ObAuIfBmQtHwAp@iElBiG|C}GtFaLdH}KjFqJrDiKnCi`@bKif@tCmc@FsM\wJn@yKtBeK`C}GtD_NeZyLeYg^cy@uIiS
OD-039,Gò Vấp - PVĐ/NTS junction,Bình Thạnh - Bạch Đằng,Q1_DATA,ok,809.6,7.614,ok,683.8,9.547,-125.8,1.933,-15.54,25.39,,,edmsS}iqmjEe@i@uk@{q@kCiDsA{B{AgDuTco@[gB]mBQ}BJgCXcB\yA`BsCrDoGdB}GxByD`JoD`KgEho@qQb~@{R|[gG|Rm@vDAlCs@rBk@bh@iThDcA|D_@fBl@~Cz@`Nnc@lFfSjLlc@|Pdm@rMld@VdAfw@gw@v[u_@vT_Ujc@wd@`@m@ln@kt@wGwKcKwUaQkd@wKoj@kCmk@KuBdF}t@~JojA~BB|BMdCc@dEcBxBcBdBuBpAeCv@sCh@cCSeHwA_G}C{EuE_D{FyAkGIoGiDmGoSqTup@q_@ccAeSyf@mQo`@ct@utA{MaX}Oi\oSya@{Pu`@sVsn@}Ysy@iWoy@{E_Q}Ngn@_CaQLiBSiBw@}A|@aJeNmv@qCgPeNwy@kP_aA}F{\kFmLi@}QwAmJsEsWeN_u@cIyd@gLqo@}C{RsCiOwJii@yJok@cMuy@eJwg@gKil@oDyUqLaq@kD_UmBkKvAi@bFuBnXaGnf@{Edm@yNho@_Jt\_FjDwAjWqK`WkOnNmJh^s`@dHuHnEeFrHeBnFyErKoJfBmJ~UkQnGoFtb@s^fr@cj@b\wWff@_`@xJ}H|k@si@vV`IfFfAhJnBpQdDnP~AfMT~RHf^y@tFI~PWjYE|x@iBdV}@tRQxLMn[oAbaAwD}@eg@fFq@Io{AqDBgp@a@uMk@mLeB,cgnsSknumjE_Ooc@`KgE~C_AzUcHlSmFlMoCto@kN|[gG|Rm@vDAlCs@rBk@rh@yRhDcAvEg@lAt@~Cz@~GdWbK`_@vM|c@tMtg@vAjEtJj[hBnFj]c_@zXcZdW_WxCcDbUmVhQkRbQoRx\g^|IaLhDkEoAaDcCmGcKwUaQkd@qKyk@iBmb@UiGb@oIbDom@~GkhApBBvD]jDiAl@a@fBkAxBoCnA}Cl@iDFqD[kD_AaDaBoC{BwBsCyAyCu@aDSgA?eAHmCqL_]eeAq_@ccAeSyf@mQo`@ct@utAis@exAyGsOwC}GmCaGgUok@e[y|@iWoy@{E_QiNkn@{DaRyAkIuBoLcZsbBwPm_AmF{YuFuYmBuNa@kCiBkKc`AcuFcO{{@ga@s`CsGm_@oEuWkKqm@cCuNo@uDgAuGqIgh@{QkhAw_BwhJUcN\cJ}YebBTgKxAeFbCeF|C}CrDyBzEoAlF_@lXiBnCZdD\bIz@`CXjGt@tMzAtVvCpl@pEtsDbYzrAbK`RvAbD^|Cn@vC~@nCnApBlAfBvA`B~AxAfBfYzb@xNrRbBpCfM`PrEvD`G|DdPdKrObHlLrDnRpHhO~FlPpGvGhC~d@fRjCfAxHrCjZzKbBl@xC`AdYfIhJnBpQdDnP~AxNHbNHt|@qAf_AkAbT]nWs@t\m@d^iAv^aBxAIpJa@hPo@jYaAj^oAvRe@`c@Z`}@jB|Vp@rJRlRb@zERdEJX{InGmeBXwLaESkx@qAoq@iAsU]wIYsBCoKOoHIeRQgPQyYKmHCsFEqp@oAcKKyRaCnD_NhBQn@yB
OD-040,Thủ Đức - VNU campus,Thủ Đức - Xa lộ Hà Nội,Q1_DATA,ok,551.6,5.424,ok,537.5,7.088,-14.1,1.664,-2.56,30.68,,,ukmvSgrvujENsCaJwJuUXqMMzY}L?eE?iEPwHjAsEpCaGjI{D|E{@lGaArA\d@|An@bFDxGClBpGf@bLj@fARhXgLx@Atb@ib@hMxO`MzPjSpYhHxLnXxd@h^hs@hDzGdRh_@dl@diAv\xu@|GlMjQ|^hKvTnUrc@`b@|y@xPt]dWpf@pTxe@dUhc@bo@vnAh]ft@r{@rdB`a@xw@hs@lvAlJvSx@jBjBtDjIcE~IqEv~@fiBnOvZv\`q@`w@b|AnWbe@be@lbAfKeGd{@o_@h{@i]jC{M|EeGrD_DiC_DgCmGAoGj@qIuA{CqC{CiAoEUkF|CoQJeGiAeC}B{BkD|AsV}DoKu@iCiBsAgDRuD|FiUxMc^rAwD`@yCa@qHh@wLrByPrAuIrBgH~@{D_@_EeHwNgF_@oKu@}HqCyT}CjDaYrBsGjH`HzKnErPxBjyBzU|PhBjMybAhFuSsEwe@iDz@sSyqAfOiCbGWwGa|@,gvmvSsbwujEeH_HSyYjAsEpCaGlCqDrEsBxA[zBWzAEbCR^@hBV`AbB`@dFf@~G?pCfEJbLj@xDc@bLwEdHwCnMkKlC`CbHdBpNfRjMbQfVl^hRrZ`HaChFu@b@DZJn@^j@j@zBzBjDxAvSra@jQ|]d@z@|CjGz@dBr`@~w@b_@vu@rUtd@n~AzbDrRd_@~AxCvDlHrCtFfBjDhKbTvExJz[nn@tTtc@xMpWnNnYtElJ~DdI|Qb_@pb@h{@vQj^dpAliCtDrH~CbG|IdQxU`c@~W|i@jRz_@`NjXr}CzjGxKbU~E`KdpArdCbClGfo@loA~IxOxRpXhMpVvQfXrWj\nNtS~GrHfNhO~GnG|ChD~FhFnLgNlEiEdAmAzAeBbFqGnEiGdGaIzBuDnD}FjAyGdDgEhDmFtNcT`CsEzBsEpBeExEyJxJgSxGgNdCeF~Qw_@dMkWzA{C~AgDnKkTv@aBrCgGbAyBfCqFvGoN~DuIx@gBxCoGn@wAnDwH~AgDtIsQbF{KjAmChCkFd_@ak@pF_JfByElAoClAwDtAeEzBkIt@kC`FoQ`HqUzBkJ\yFD{AJcDc@{Lk@kGgAwLgGcq@kBiSYeDiAcMOyA[oB}AyKkDiRmEsMyBkD{JqOoDaHgCaFoAiDoBmHcDsLeI?u]Lkf@eE{IiAos@kJyU{Dke@}Ho]uFeIgAcw@qLeFq@lEiWxIqg@sa@wOgBwBQgC`@eGm@wL_QshAdAiMzGWdO}BjNoAlIq@_ByWsB}[w@cI
